tenure_months,monthly_charges,total_charges,contract_type,support_tickets,has_fiber,paperless_billing,payment_auto,avg_latency_ms,churned
42,113.79,4506.48,1,0,0,0,1,22.4,0
12,62.36,706.9,0,3,0,1,0,76.0,1
8,76.71,566.77,1,0,0,0,0,66.6,0
40,75.03,3039.84,2,2,0,0,1,102.3,0
27,68.64,1734.58,2,6,1,1,1,57.8,1
32,27.19,803.62,1,8,1,1,1,53.5,1
54,35.5,1939.27,1,2,1,1,0,79.8,0
41,53.01,2162.15,1,9,1,1,0,102.2,1
9,25.07,245.51,2,4,1,1,1,87.5,0
46,35.8,1610.88,0,7,0,0,1,83.0,1
64,27.06,1702.5,1,6,1,0,1,83.3,0
46,87.27,3622.66,1,3,0,0,0,91.3,0
24,45.27,1089.85,0,2,1,1,1,106.6,1
7,64.66,443.61,2,8,1,1,1,47.5,1
25,25.73,651.84,0,7,0,0,1,60.6,1
69,29.15,1911.69,1,9,0,0,0,59.3,0
45,79.23,3311.58,1,1,0,1,1,48.5,0
44,93.04,3706.53,1,2,0,0,1,88.9,0
68,48.81,3346.67,2,1,1,1,0,59.1,0
65,51.97,3389.97,0,9,0,0,1,68.9,1
46,92.1,4191.88,0,4,1,1,0,47.9,0
45,114.5,5134.62,1,1,0,0,0,47.7,0
1,66.95,66.66,2,5,0,0,1,78.4,0
23,62.39,1499.49,2,5,0,1,1,20.7,1
22,118.31,2628.15,0,2,1,0,1,57.2,0
17,21.14,341.54,2,1,0,1,0,77.9,0
38,69.12,2835.48,2,5,1,1,0,108.1,1
67,61.06,4316.88,2,2,0,0,1,75.7,0
20,36.23,722.06,1,9,0,0,1,57.3,1
14,107.32,1521.03,0,3,0,1,0,74.1,1
9,63.32,570.76,2,8,0,1,1,24.7,1
32,88.92,2740.72,1,8,0,1,0,48.4,1
31,61.83,2095.96,0,4,0,0,1,102.2,1
29,93.67,2724.91,0,6,1,0,0,84.0,1
44,61.13,2799.0,1,5,0,1,0,55.5,0
50,52.15,2485.24,2,4,0,0,0,81.6,0
6,109.59,659.48,0,4,0,1,1,44.3,1
64,89.04,5147.89,0,4,0,0,1,85.7,0
12,99.16,1151.64,0,9,0,0,1,87.9,1
71,60.78,4109.88,1,9,0,0,0,131.0,1
24,39.18,911.55,1,4,0,1,1,54.4,0
3,118.45,366.6,0,0,0,0,1,70.7,0
56,84.65,4936.39,2,6,1,0,0,44.0,1
18,59.47,1055.63,1,0,0,0,0,33.7,0
8,27.45,209.46,1,8,1,0,1,85.4,1
1,45.32,44.02,1,8,1,0,0,91.0,1
1,52.53,50.05,0,7,1,0,0,67.5,1
12,33.39,407.54,2,0,1,0,1,63.9,0
68,104.32,7296.95,0,9,1,1,1,93.7,1
6,101.49,656.78,2,8,1,0,0,85.3,1
30,27.51,846.39,0,2,1,0,1,86.4,0
69,87.07,6050.12,1,4,0,1,0,69.7,0
68,25.61,1647.7,2,7,1,0,1,74.0,1
59,68.39,3694.03,1,1,1,1,0,43.4,0
19,52.18,1025.53,2,4,0,0,1,88.4,0
28,86.57,2614.8,1,8,1,1,1,57.7,1
26,50.17,1433.46,0,7,0,1,1,96.4,1
35,57.68,2148.09,0,1,0,0,1,82.8,0
66,46.96,3378.28,0,5,0,1,1,58.4,0
58,59.54,3109.19,2,2,1,1,1,50.7,0
44,102.91,4979.75,0,3,0,1,1,52.6,0
10,55.07,565.56,1,4,0,1,0,104.9,1
20,43.93,795.84,1,6,1,0,1,75.8,0
52,110.34,5869.55,2,8,0,0,0,93.5,1
18,83.45,1441.35,1,7,0,0,0,47.4,1
34,59.62,1908.65,0,4,1,1,0,77.4,1
64,74.04,4430.26,1,5,1,1,0,52.1,0
72,28.11,1989.06,0,5,1,0,0,69.9,1
68,40.0,2821.59,1,5,0,1,1,48.9,0
68,81.96,6079.27,0,1,1,0,1,48.0,0
3,31.72,101.36,1,7,1,0,0,25.6,1
60,116.22,7588.92,0,1,0,0,0,32.5,0
59,27.5,1501.78,0,0,0,0,0,57.0,0
33,71.83,2317.33,1,1,0,0,1,37.3,0
29,98.05,3061.7,0,0,1,1,1,104.8,0
61,71.63,4705.74,2,3,0,1,1,85.4,0
54,27.11,1440.68,0,6,1,0,1,92.2,1
51,38.81,2105.99,1,8,0,0,1,91.2,0
30,65.51,2126.61,1,4,0,1,0,92.9,0
8,113.88,829.38,0,6,0,0,0,83.6,1
8,37.41,325.37,1,5,0,0,0,62.4,1
60,22.19,1272.77,2,6,1,1,1,70.9,0
45,61.02,2912.82,0,8,0,1,1,72.5,1
12,23.93,285.7,1,3,1,1,0,51.8,1
53,43.8,2118.05,2,6,0,1,0,26.1,0
25,93.73,2231.79,2,5,1,1,1,103.4,1
41,111.42,4536.92,1,0,0,0,0,101.0,0
50,97.98,4706.29,1,7,0,1,0,127.7,1
20,79.73,1486.15,1,5,1,1,0,45.1,1
53,25.47,1286.43,0,7,1,0,1,125.2,1
11,39.83,472.41,1,7,1,0,0,88.6,1
31,93.8,3046.25,2,1,1,1,1,47.9,0
26,62.94,1579.6,0,3,0,0,1,94.5,0
51,44.17,2241.3,0,8,0,0,1,81.6,1
30,103.06,3294.58,1,0,1,0,0,102.2,0
25,112.02,2524.0,1,8,0,1,1,75.8,0
45,40.76,1919.39,1,5,0,0,0,77.0,0
27,100.47,2710.32,1,6,1,0,1,75.6,1
62,25.33,1723.81,0,6,0,0,0,54.1,1
40,60.78,2578.15,0,4,1,1,1,112.4,1
26,58.07,1481.5,1,3,0,1,0,28.9,0
47,65.09,2807.78,0,2,0,0,0,35.2,0
48,92.72,4102.34,0,2,1,1,0,13.5,0
63,94.36,6106.81,0,4,0,0,1,56.5,0
12,109.42,1239.02,2,2,0,1,0,77.6,0
52,112.85,6334.48,0,6,1,0,0,70.7,1
6,107.39,660.71,2,0,1,0,1,44.4,0
40,83.9,3314.62,1,9,0,1,1,55.3,0
3,19.35,56.89,1,7,0,1,1,93.6,1
9,31.85,310.85,1,5,0,1,0,82.8,1
41,96.76,4057.71,2,1,0,1,0,79.1,0
15,38.37,547.03,1,4,0,0,0,87.1,0
42,108.65,4568.78,1,7,0,1,1,75.1,1
41,56.23,2152.69,0,2,1,0,1,47.3,0
34,30.51,1111.32,2,0,1,1,0,69.6,0
48,45.48,2041.91,1,9,0,1,1,72.5,0
7,48.64,326.25,2,4,1,1,0,69.7,1
56,60.77,3099.83,1,0,0,1,0,64.2,0
46,49.37,2327.31,2,5,0,1,1,55.7,0
61,34.86,2196.83,0,3,0,1,0,82.9,0
35,59.2,2069.04,1,0,0,1,1,45.8,0
22,109.35,2539.88,0,0,0,1,0,70.7,0
2,80.26,165.26,2,3,0,1,0,34.4,0
54,100.34,5661.43,0,8,1,0,1,13.7,1
62,90.54,5305.8,0,6,1,1,0,68.6,1
14,45.14,638.76,2,0,0,1,1,65.3,0
56,87.57,4668.89,2,4,1,0,0,73.2,0
31,103.17,3458.97,0,2,1,0,1,61.2,1
69,65.95,4288.41,2,0,0,1,0,50.6,0
10,75.52,731.77,0,2,0,0,0,115.1,1
19,89.07,1722.95,0,0,0,0,0,69.2,0
47,38.93,1659.34,2,1,1,0,0,73.3,0
12,101.51,1146.25,2,4,1,0,0,104.4,1
41,52.65,2335.8,1,0,1,1,1,110.3,0
65,66.61,4196.97,1,9,0,1,0,30.3,1
7,72.79,536.25,0,1,1,0,1,86.8,1
7,19.44,136.49,1,1,1,0,1,17.6,0
21,47.37,992.84,0,3,1,0,0,109.5,1
72,97.69,7378.64,2,5,1,0,1,117.5,0
55,107.84,5541.05,0,5,0,1,1,41.8,1
30,113.39,3367.89,0,8,0,1,1,20.2,1
71,93.2,7126.89,0,7,1,1,0,89.6,1
31,69.77,2097.39,1,4,0,0,0,64.3,0
31,51.81,1493.14,0,4,0,0,0,74.8,1
39,92.33,3574.88,1,4,0,0,0,60.0,1
2,58.9,115.56,1,3,1,1,0,91.4,1
32,109.8,3481.21,1,9,1,0,0,54.7,1
41,44.98,1751.99,2,1,1,0,1,61.9,0
55,67.27,3692.33,0,9,1,0,1,74.4,1
14,22.81,321.96,2,3,0,0,1,96.3,0
61,70.22,4191.32,2,5,1,1,1,79.4,0
16,91.91,1345.62,2,5,0,1,1,63.4,0
54,81.86,4821.45,2,5,1,0,0,61.7,1
29,118.42,3639.13,1,7,0,0,0,78.5,1
25,65.92,1663.91,2,3,0,1,1,49.5,0
17,96.98,1707.62,1,5,0,1,1,42.7,0
62,19.27,1224.22,2,4,1,0,1,57.7,0
11,84.93,901.48,1,2,1,1,0,97.7,1
18,72.06,1232.23,1,9,0,0,0,104.9,1
13,76.85,1005.95,0,2,1,1,0,76.5,1
12,85.85,1017.55,2,4,0,1,0,29.6,0
15,74.51,1110.29,1,6,0,0,1,61.3,0
19,89.04,1712.93,0,7,0,0,0,85.2,1
38,103.06,3547.0,1,6,1,0,0,46.8,0
6,87.26,536.68,1,1,1,1,0,108.9,1
44,28.45,1189.6,2,5,1,1,0,65.1,1
7,101.67,712.6,1,5,1,1,1,50.1,1
27,84.46,2092.32,0,5,0,1,1,116.7,1
6,58.89,376.09,2,6,0,1,1,76.0,1
61,79.87,4831.03,2,0,1,0,0,78.7,0
23,29.14,708.63,0,0,1,0,0,38.4,1
72,90.01,6582.18,1,2,1,0,1,102.1,0
7,68.78,470.59,2,0,0,1,1,66.0,0
20,66.54,1201.85,1,8,0,0,1,73.4,1
1,19.93,20.8,2,1,0,0,0,73.3,0
32,64.08,2103.31,2,2,0,1,0,68.7,0
64,65.06,4428.11,1,0,0,0,0,106.1,0
11,57.89,665.8,1,9,0,1,0,45.3,1
61,86.69,5238.12,0,1,1,0,1,27.1,0
35,97.46,3617.09,2,5,1,1,0,43.8,0
43,105.96,4453.63,2,0,0,1,1,88.6,0
49,79.18,3947.05,0,7,1,0,1,67.9,1
6,47.85,290.18,0,9,0,1,1,64.0,1
49,39.04,1819.12,2,3,1,0,1,53.4,0
2,98.17,211.93,1,8,0,1,0,73.5,1
67,51.1,3561.38,2,9,0,0,0,75.6,1
47,76.79,3873.59,1,6,0,0,0,95.8,0
48,82.27,3628.37,0,2,1,0,1,63.5,1
27,118.04,3357.43,2,7,0,1,1,15.9,1
17,44.4,763.46,0,5,0,0,1,77.0,1
59,67.68,4105.43,0,9,1,0,0,68.5,1
65,58.31,4124.57,1,2,1,0,0,98.0,0
8,109.28,787.83,0,0,1,1,0,87.6,1
26,86.69,2084.51,1,9,1,0,1,61.4,1
62,56.96,3203.8,1,3,0,0,1,66.6,0
29,26.78,702.33,2,5,0,1,0,92.0,0
10,64.23,606.54,1,5,0,1,0,60.4,0
8,37.02,275.77,1,8,0,1,0,67.4,1
35,76.1,2654.14,1,5,0,1,1,91.3,0
20,116.86,2273.76,0,3,1,1,0,69.2,1
34,118.81,4222.51,0,1,1,1,1,76.8,0
38,33.44,1383.47,2,0,1,1,0,28.7,0
37,37.58,1301.51,1,0,1,0,1,57.7,0
30,90.16,2508.45,0,9,0,0,1,71.1,1
25,77.29,1847.91,0,0,0,1,0,47.0,0
64,28.03,1746.24,1,7,0,1,0,88.5,1
21,89.23,1820.13,2,9,0,1,1,79.4,1
32,100.65,3229.38,1,6,0,1,0,98.0,1
68,99.45,6508.21,0,0,0,0,0,58.9,0
72,100.72,7362.77,0,0,0,0,1,103.6,0
67,42.84,2866.6,1,1,1,0,0,82.3,0
65,95.15,5847.1,0,1,0,1,0,52.7,0
60,93.66,5930.82,0,0,1,1,0,22.8,0
44,59.07,2692.73,1,6,1,1,0,63.6,1
46,43.93,2022.71,1,0,1,0,0,94.2,0
3,41.55,118.81,1,6,1,0,0,105.0,1
35,81.82,3121.93,0,9,0,1,0,43.6,1
37,30.3,1217.95,1,2,0,0,1,98.8,0
57,31.39,1805.8,0,4,1,1,1,70.4,1
59,80.0,4826.48,2,3,1,0,1,39.4,0
61,100.88,6259.13,0,3,1,0,0,45.5,1
2,111.42,210.19,0,3,1,1,1,63.6,1
8,96.21,821.15,0,8,0,1,1,53.5,1
46,92.54,4406.12,0,8,0,0,1,57.9,1
36,101.12,3575.1,2,1,1,1,0,60.0,0
71,77.58,5375.5,1,6,0,1,1,93.8,0
58,88.26,5270.81,1,5,1,1,1,36.8,0
1,97.71,96.45,1,6,1,1,0,26.1,1
49,77.16,4091.3,0,5,1,0,1,77.5,1
2,21.56,43.27,1,9,1,1,1,5,1
67,91.71,6695.0,1,6,1,1,0,50.7,0
9,71.52,641.97,0,6,1,1,0,117.0,1
57,95.73,5812.41,2,5,0,0,1,41.3,0
66,36.56,2271.94,2,4,1,1,0,24.5,0
25,60.23,1356.01,0,9,0,1,0,68.7,1
71,19.39,1391.35,1,6,0,0,0,79.7,0
35,106.11,3727.53,2,8,0,0,1,58.8,0
66,29.66,1786.12,0,1,0,1,1,35.6,0
2,87.46,179.42,2,5,0,0,1,69.0,0
9,53.89,510.62,1,9,1,0,0,74.7,1
