height_cm,weight_kg,weight_lb,steps_daily,resting_hr,schema_version,sensor_noise,vo2max
176.1,52.9,116.6,10345,61.1,3,0.4937,37.56
175.2,57.5,126.8,6398,52.2,3,0.1199,28.94
173.5,57.4,126.5,6972,66.6,3,0.6684,28.2
183.7,61.6,135.8,10609,65.7,3,0.319,33.99
174.0,59.6,131.5,6196,69.4,3,0.1678,24.16
177.0,52.7,116.2,6019,49.6,3,0.7236,32.86
164.6,50.9,112.3,3424,53.9,3,0.8831,20.81
172.5,53.5,118.0,2979,61.1,3,0.2288,19.79
172.0,61.5,135.6,3310,73.5,3,0.7141,17.22
176.7,55.1,121.5,7603,56.8,3,0.5345,35.78
171.0,54.4,120.0,11073,60.6,3,0.7933,37.22
163.2,49.6,109.4,12587,52.4,3,0.4227,46.33
170.6,62.8,138.5,10070,47.3,3,0.379,40.34
169.0,57.4,126.5,9727,65.7,3,0.374,33.89
166.8,57.6,127.1,5999,48.3,3,0.8565,34.68
173.1,60.6,133.5,8690,62.9,3,0.8087,33.43
167.6,55.3,121.9,2501,70.5,3,0.9902,14.59
157.0,46.6,102.8,14607,66.1,3,0.6741,49.8
165.7,49.8,109.9,8732,62.4,3,0.7493,34.51
173.0,57.7,127.3,6215,66.2,3,0.1706,28.73
175.6,51.2,112.9,10424,58.7,3,0.1113,39.94
166.7,52.3,115.3,13147,45.0,3,0.0602,48.48
166.9,56.4,124.4,10362,56.7,3,0.2527,40.42
158.6,53.3,117.4,11135,57.7,3,0.9333,40.12
165.0,49.7,109.5,8776,64.2,3,0.2201,39.77
155.5,46.6,102.7,10782,54.0,3,0.6759,48.12
173.4,52.2,115.1,11086,50.8,3,0.1768,42.24
167.2,54.7,120.5,5289,61.3,3,0.0741,23.3
173.9,57.1,125.8,9251,64.2,3,0.9537,33.53
169.4,53.4,117.7,4760,60.4,3,0.8217,26.46
157.8,38.8,85.5,7724,64.6,3,0.883,33.48
173.7,58.3,128.5,8172,67.7,3,0.2684,34.88
165.9,46.4,102.3,5879,63.2,3,0.4703,28.77
171.8,54.5,120.2,4970,57.8,3,0.2696,29.11
163.3,53.8,118.7,6792,69.6,3,0.8923,27.29
174.1,61.8,136.2,9754,58.5,3,0.4493,38.49
171.1,53.2,117.4,3765,57.2,3,0.2715,25.52
169.4,46.8,103.1,7287,70.7,3,0.1753,34.22
157.4,45.2,99.7,7421,59.0,3,0.1045,39.16
155.8,50.1,110.5,5533,64.4,3,0.8678,29.78
153.3,46.9,103.5,4837,71.2,3,0.1041,22.8
168.2,58.0,128.0,7559,65.8,3,0.3581,28.64
154.5,54.7,120.6,6363,60.2,3,0.3285,25.97
175.2,52.6,115.9,6704,69.3,3,0.4492,26.28
147.7,45.2,99.7,10194,60.3,3,0.0289,37.79
185.3,63.7,140.4,12674,65.0,3,0.9871,35.33
164.2,52.0,114.6,8358,57.8,3,0.3011,37.68
159.3,37.7,83.1,8350,55.5,3,0.9691,43.09
155.6,48.0,105.7,5803,48.5,3,0.9247,36.63
169.4,49.8,109.9,4271,49.6,3,0.5069,30.98
193.9,64.8,142.9,8678,54.0,3,0.7828,33.47
173.1,58.5,129.0,3686,48.9,3,0.4944,26.4
166.7,50.3,111.0,7583,60.1,3,0.9635,27.77
164.5,49.5,109.1,11498,52.4,3,0.8208,45.66
170.0,48.1,106.0,5230,46.8,3,0.6677,32.19
167.4,60.0,132.3,7902,73.8,3,0.8801,28.18
172.2,63.6,140.1,689,78.9,3,0.3473,9.23
172.4,54.4,119.9,10972,58.1,3,0.4811,39.05
166.9,51.8,114.1,7348,57.8,3,0.267,30.23
186.4,63.4,139.7,7238,65.3,3,0.4139,28.78
169.0,53.9,118.8,10222,56.3,3,0.684,39.02
186.1,60.4,133.1,8085,60.7,3,0.1544,30.33
167.4,50.8,111.9,6822,58.6,3,0.5745,31.71
167.4,61.0,134.4,9401,66.6,3,0.1221,30.91
160.1,40.8,89.9,12732,54.6,3,0.2508,48.27
163.1,52.6,115.9,10025,69.7,3,0.7549,33.21
164.9,46.9,103.4,3892,64.6,3,0.0115,24.03
167.9,51.8,114.3,9760,62.4,3,0.4594,35.99
171.3,62.3,137.3,12490,69.0,3,0.3401,36.55
153.3,52.1,114.8,7912,50.4,3,0.2244,38.57
157.3,39.5,87.2,5274,51.4,3,0.1343,30.95
168.5,50.7,111.8,11261,60.1,3,0.2659,41.23
174.7,60.8,134.1,7581,64.5,3,0.8185,34.36
161.0,50.6,111.6,3707,60.1,3,0.2535,27.81
182.0,65.5,144.5,5882,72.2,3,0.9245,21.36
170.4,55.7,122.8,5875,54.2,3,0.3687,28.93
172.0,45.3,99.8,8298,61.9,3,0.7684,37.49
151.4,49.2,108.5,9204,63.1,3,0.0689,36.4
166.1,51.7,114.0,4713,79.9,3,0.3543,20.66
164.8,52.4,115.6,3332,63.5,3,0.1087,18.01
169.4,54.4,120.0,6322,73.8,3,0.7936,27.17
182.7,59.2,130.5,15032,64.3,3,0.6896,44.66
164.4,57.4,126.5,8078,67.1,3,0.8088,29.11
164.8,48.9,107.7,8071,54.2,3,0.8407,34.8
169.9,48.5,106.9,6523,56.4,3,0.0655,30.08
161.6,51.5,113.4,7986,64.6,3,0.8451,29.76
189.2,69.1,152.4,13405,62.0,3,0.012,37.76
159.2,56.8,125.1,7850,66.2,3,0.0048,30.37
166.5,57.0,125.6,9483,60.3,3,0.4362,33.77
174.3,58.3,128.5,5143,63.2,3,0.3255,28.53
152.2,36.7,80.9,7853,67.8,3,0.2414,34.42
176.7,58.1,128.0,8374,51.1,3,0.5519,35.1
174.7,57.2,126.0,8655,70.7,3,0.8537,30.79
149.3,40.6,89.5,4551,60.8,3,0.2438,31.62
175.9,56.9,125.4,9670,72.5,3,0.3653,28.5
171.1,64.5,142.2,3810,64.9,3,0.0398,18.92
178.9,50.1,110.4,11358,66.0,3,0.3124,41.75
160.5,61.9,136.5,8907,62.3,3,0.6213,34.33
161.5,44.8,98.8,13012,38.7,3,0.9584,50.65
174.7,56.3,124.2,5304,71.4,3,0.2908,18.76
161.8,57.1,125.9,8854,65.5,3,0.2944,31.26
178.0,54.2,119.4,6012,60.5,3,0.5322,28.96
167.3,51.0,112.4,8466,52.6,3,0.7034,34.78
167.9,46.8,103.2,7293,74.9,3,0.1931,33.28
168.8,45.9,101.3,9900,52.0,3,0.014,42.19
173.7,58.6,129.3,3056,61.5,3,0.475,19.63
157.5,44.6,98.3,8078,64.6,3,0.3096,34.26
170.4,57.0,125.7,10387,60.4,3,0.9895,36.02
162.3,56.9,125.4,11340,76.0,3,0.5924,35.79
184.5,57.4,126.5,6611,56.2,3,0.2145,32.5
169.6,52.8,116.5,7512,68.4,3,0.8912,27.44
172.2,54.8,120.9,10964,48.9,3,0.9557,44.1
165.1,48.5,106.9,7789,55.6,3,0.6886,33.66
179.3,54.9,121.0,6138,72.0,3,0.1043,22.04
178.8,53.8,118.7,6401,61.3,3,0.439,30.33
165.9,53.4,117.8,2861,69.2,3,0.3298,20.28
165.8,49.6,109.3,3855,62.1,3,0.0316,24.2
184.1,61.1,134.7,12230,58.4,3,0.2623,38.96
158.1,40.2,88.7,2250,72.5,3,0.502,21.04
166.2,50.3,110.9,4984,64.4,3,0.7632,28.75
158.9,40.2,88.7,7277,63.9,3,0.7476,33.82
167.8,45.0,99.3,9538,66.8,3,0.264,41.54
167.3,50.7,111.8,9960,76.8,3,0.7742,33.06
177.6,57.6,127.1,11674,64.8,3,0.0423,38.89
177.8,61.5,135.6,11183,55.2,3,0.0408,36.06
175.9,53.5,117.9,8687,52.6,3,0.4032,38.34
182.5,59.7,131.7,10845,44.8,3,0.1362,43.65
175.5,52.3,115.2,9815,57.2,3,0.5739,40.26
170.1,54.6,120.3,6273,55.9,3,0.3832,27.74
178.1,57.0,125.7,6557,53.1,3,0.7319,28.64
171.8,53.1,117.1,6932,58.6,3,0.4272,28.72
167.6,52.3,115.3,8155,70.1,3,0.1004,32.73
175.9,58.8,129.5,7137,49.5,3,0.8454,29.78
151.0,46.2,101.8,7720,58.7,3,0.6265,37.11
180.9,63.4,139.8,12250,49.1,3,0.1359,42.09
163.5,60.4,133.2,9819,65.4,3,0.9528,31.86
191.7,62.5,137.9,8277,53.7,3,0.3124,30.21
170.9,42.7,94.2,6785,56.8,3,0.4005,32.85
182.9,66.5,146.5,11228,49.0,3,0.4336,38.62
182.8,65.6,144.7,8002,63.6,3,0.9366,27.38
164.2,48.8,107.7,5548,68.1,3,0.1047,31.0
173.2,63.5,139.9,5211,61.3,3,0.4689,21.99
160.0,37.1,81.7,7750,49.0,3,0.6684,38.93
172.2,57.1,125.8,6404,55.5,3,0.7989,29.53
162.6,54.3,119.7,6669,55.1,3,0.5307,31.62
179.0,63.1,139.0,10897,62.8,3,0.6299,35.68
173.6,58.2,128.2,4206,66.4,3,0.8363,20.55
170.4,56.7,125.1,9438,66.9,3,0.6822,36.3
171.5,50.0,110.3,8154,64.8,3,0.0053,32.11
177.1,57.7,127.1,10626,41.6,3,0.8889,41.84
160.9,46.7,102.9,10125,58.5,3,0.0963,43.9
177.1,51.8,114.1,7873,76.0,3,0.8165,27.17
169.2,42.6,94.0,10108,66.6,3,0.8593,35.48
172.5,59.1,130.4,8309,64.4,3,0.52,30.54
161.8,51.2,112.8,9567,57.7,3,0.3407,39.17
169.9,61.4,135.3,11329,68.1,3,0.6794,32.89
154.7,49.1,108.2,6851,54.3,3,0.4642,35.0
152.2,38.0,83.8,10041,55.6,3,0.9807,41.7
163.0,57.0,125.7,6363,48.6,3,0.2,32.73
163.7,42.4,93.4,5656,68.0,3,0.9968,30.23
183.4,56.9,125.4,8918,66.5,3,0.6748,34.02
159.6,46.5,102.5,9724,49.6,3,0.6998,39.67
144.7,40.3,88.7,4312,84.2,3,0.4282,22.85
168.9,54.8,120.9,7286,58.3,3,0.2014,30.13
173.3,49.8,109.7,9930,54.8,3,0.5057,36.8
161.5,45.2,99.7,11946,66.5,3,0.0052,41.38
187.8,62.6,138.1,8806,57.6,3,0.512,30.28
155.6,47.6,104.9,4645,57.5,3,0.0905,29.18
179.4,66.8,147.2,8086,74.7,3,0.5753,25.53
160.0,47.1,103.9,3925,70.2,3,0.9368,22.25
168.3,53.0,116.9,8785,52.7,3,0.3954,33.75
185.4,63.7,140.4,4525,44.2,3,0.2406,28.64
178.4,49.5,109.1,2934,63.9,3,0.1884,18.16
179.1,63.5,140.1,5223,70.0,3,0.4015,21.6
168.7,48.5,107.0,4077,60.7,3,0.3329,26.19
187.1,51.1,112.6,12634,64.5,3,0.3614,41.91
170.6,49.9,109.9,10174,55.2,3,0.2214,36.08
168.1,47.8,105.5,14341,59.7,3,0.3133,48.55
180.3,61.3,135.2,10566,62.6,3,0.8816,37.83
170.2,55.8,123.1,6023,55.4,3,0.8295,31.24
165.5,49.1,108.3,13535,51.6,3,0.0189,51.12
170.2,59.5,131.2,10705,68.6,3,0.8534,35.91
178.3,55.8,123.0,8594,64.8,3,0.4645,32.44
160.6,45.2,99.7,9657,61.4,3,0.8722,39.47
163.6,45.4,100.1,11030,57.9,3,0.5209,43.6
174.6,58.3,128.6,10132,50.8,3,0.3705,40.62
155.2,46.2,102.0,11755,32.5,3,0.3302,54.2
160.2,49.1,108.2,11725,59.2,3,0.9325,40.62
172.6,60.7,133.7,4122,63.3,3,0.8887,21.25
186.6,64.8,142.9,11950,57.7,3,0.4434,39.17
174.4,54.9,121.0,7811,56.7,3,0.324,31.26
166.5,53.7,118.4,6702,62.7,3,0.0389,31.31
167.3,51.1,112.8,9084,58.4,3,0.763,34.78
157.5,50.1,110.5,6816,55.5,3,0.7106,34.03
188.4,62.8,138.5,8309,53.8,3,0.5781,28.75
175.0,55.3,122.0,7173,66.2,3,0.0165,29.89
175.1,55.9,123.2,13416,45.8,3,0.2395,46.9
173.6,58.2,128.2,4153,51.0,3,0.1457,29.43
180.1,51.6,113.8,10285,47.7,3,0.0946,43.84
179.7,61.9,136.5,6576,54.9,3,0.4452,28.03
165.9,51.3,113.0,10280,67.2,3,0.6835,37.21
161.1,50.6,111.6,6875,66.6,3,0.3,32.28
173.3,55.2,121.7,6337,58.2,3,0.3794,31.23
157.0,48.1,106.0,6472,70.6,3,0.0549,29.65
155.2,58.8,129.6,5677,62.8,3,0.157,30.59
184.8,69.2,152.7,5614,63.1,3,0.1922,20.25
159.0,51.6,113.7,4683,54.4,3,0.4798,27.61
169.8,61.6,135.8,11990,52.2,3,0.0731,38.31
157.7,45.4,100.0,10784,43.3,3,0.7623,42.61
166.8,49.3,108.7,8391,62.2,3,0.7577,34.85
189.5,67.0,147.7,11731,50.9,3,0.4887,41.55
173.1,57.5,126.7,4173,66.3,3,0.1645,19.88
174.4,63.7,140.4,7272,57.1,3,0.489,31.16
165.2,53.2,117.2,10717,70.2,3,0.1556,37.03
163.9,52.8,116.5,4601,58.8,3,0.4673,26.72
170.0,48.8,107.6,5620,63.7,3,0.7726,25.78
172.1,58.4,128.8,8991,69.6,3,0.7977,29.41
175.2,54.5,120.1,4243,63.1,3,0.5133,24.87
175.1,58.4,128.8,10525,58.4,3,0.5139,40.06
171.3,58.8,129.7,5539,49.8,3,0.8749,28.23
